email,password
stress_user_01@eshop.com,Stress1234!
stress_user_02@eshop.com,Stress1234!
stress_user_03@eshop.com,Stress1234!
stress_user_04@eshop.com,Stress1234!
stress_user_05@eshop.com,Stress1234!
stress_user_06@eshop.com,Stress1234!
stress_user_07@eshop.com,Stress1234!
stress_user_08@eshop.com,Stress1234!
stress_user_09@eshop.com,Stress1234!
stress_user_10@eshop.com,Stress1234!
stress_user_11@eshop.com,Stress1234!
stress_user_12@eshop.com,Stress1234!
stress_user_13@eshop.com,Stress1234!
stress_user_14@eshop.com,Stress1234!
stress_user_15@eshop.com,Stress1234!
stress_user_16@eshop.com,Stress1234!
stress_user_17@eshop.com,Stress1234!
stress_user_18@eshop.com,Stress1234!
stress_user_19@eshop.com,Stress1234!
stress_user_20@eshop.com,Stress1234!
stress_user_21@eshop.com,Stress1234!
stress_user_22@eshop.com,Stress1234!
stress_user_23@eshop.com,Stress1234!
stress_user_24@eshop.com,Stress1234!
stress_user_25@eshop.com,Stress1234!
stress_user_26@eshop.com,Stress1234!
stress_user_27@eshop.com,Stress1234!
stress_user_28@eshop.com,Stress1234!
stress_user_29@eshop.com,Stress1234!
stress_user_30@eshop.com,Stress1234!
stress_user_31@eshop.com,Stress1234!
stress_user_32@eshop.com,Stress1234!
stress_user_33@eshop.com,Stress1234!
stress_user_34@eshop.com,Stress1234!
stress_user_35@eshop.com,Stress1234!
stress_user_36@eshop.com,Stress1234!
stress_user_37@eshop.com,Stress1234!
stress_user_38@eshop.com,Stress1234!
stress_user_39@eshop.com,Stress1234!
stress_user_40@eshop.com,Stress1234!
stress_user_41@eshop.com,Stress1234!
stress_user_42@eshop.com,Stress1234!
stress_user_43@eshop.com,Stress1234!
stress_user_44@eshop.com,Stress1234!
stress_user_45@eshop.com,Stress1234!
stress_user_46@eshop.com,Stress1234!
stress_user_47@eshop.com,Stress1234!
stress_user_48@eshop.com,Stress1234!
stress_user_49@eshop.com,Stress1234!
stress_user_50@eshop.com,Stress1234!
stress_user_51@eshop.com,Stress1234!
stress_user_52@eshop.com,Stress1234!
stress_user_53@eshop.com,Stress1234!
stress_user_54@eshop.com,Stress1234!
stress_user_55@eshop.com,Stress1234!
stress_user_56@eshop.com,Stress1234!
stress_user_57@eshop.com,Stress1234!
stress_user_58@eshop.com,Stress1234!
stress_user_59@eshop.com,Stress1234!
stress_user_60@eshop.com,Stress1234!
stress_user_61@eshop.com,Stress1234!
stress_user_62@eshop.com,Stress1234!
stress_user_63@eshop.com,Stress1234!
stress_user_64@eshop.com,Stress1234!
stress_user_65@eshop.com,Stress1234!
stress_user_66@eshop.com,Stress1234!
stress_user_67@eshop.com,Stress1234!
stress_user_68@eshop.com,Stress1234!
stress_user_69@eshop.com,Stress1234!
stress_user_70@eshop.com,Stress1234!
stress_user_71@eshop.com,Stress1234!
stress_user_72@eshop.com,Stress1234!
stress_user_73@eshop.com,Stress1234!
stress_user_74@eshop.com,Stress1234!
stress_user_75@eshop.com,Stress1234!
stress_user_76@eshop.com,Stress1234!
stress_user_77@eshop.com,Stress1234!
stress_user_78@eshop.com,Stress1234!
stress_user_79@eshop.com,Stress1234!
stress_user_80@eshop.com,Stress1234!
stress_user_81@eshop.com,Stress1234!
stress_user_82@eshop.com,Stress1234!
stress_user_83@eshop.com,Stress1234!
stress_user_84@eshop.com,Stress1234!
stress_user_85@eshop.com,Stress1234!
stress_user_86@eshop.com,Stress1234!
stress_user_87@eshop.com,Stress1234!
stress_user_88@eshop.com,Stress1234!
stress_user_89@eshop.com,Stress1234!
stress_user_90@eshop.com,Stress1234!
stress_user_91@eshop.com,Stress1234!
stress_user_92@eshop.com,Stress1234!
stress_user_93@eshop.com,Stress1234!
stress_user_94@eshop.com,Stress1234!
stress_user_95@eshop.com,Stress1234!
stress_user_96@eshop.com,Stress1234!
stress_user_97@eshop.com,Stress1234!
stress_user_98@eshop.com,Stress1234!
stress_user_99@eshop.com,Stress1234!
stress_user_100@eshop.com,Stress1234!
stress_user_101@eshop.com,Stress1234!
stress_user_102@eshop.com,Stress1234!
stress_user_103@eshop.com,Stress1234!
stress_user_104@eshop.com,Stress1234!
stress_user_105@eshop.com,Stress1234!
stress_user_106@eshop.com,Stress1234!
stress_user_107@eshop.com,Stress1234!
stress_user_108@eshop.com,Stress1234!
stress_user_109@eshop.com,Stress1234!
stress_user_110@eshop.com,Stress1234!
stress_user_111@eshop.com,Stress1234!
stress_user_112@eshop.com,Stress1234!
stress_user_113@eshop.com,Stress1234!
stress_user_114@eshop.com,Stress1234!
stress_user_115@eshop.com,Stress1234!
stress_user_116@eshop.com,Stress1234!
stress_user_117@eshop.com,Stress1234!
stress_user_118@eshop.com,Stress1234!
stress_user_119@eshop.com,Stress1234!
stress_user_120@eshop.com,Stress1234!
stress_user_121@eshop.com,Stress1234!
stress_user_122@eshop.com,Stress1234!
stress_user_123@eshop.com,Stress1234!
stress_user_124@eshop.com,Stress1234!
stress_user_125@eshop.com,Stress1234!
stress_user_126@eshop.com,Stress1234!
stress_user_127@eshop.com,Stress1234!
stress_user_128@eshop.com,Stress1234!
stress_user_129@eshop.com,Stress1234!
stress_user_130@eshop.com,Stress1234!
stress_user_131@eshop.com,Stress1234!
stress_user_132@eshop.com,Stress1234!
stress_user_133@eshop.com,Stress1234!
stress_user_134@eshop.com,Stress1234!
stress_user_135@eshop.com,Stress1234!
stress_user_136@eshop.com,Stress1234!
stress_user_137@eshop.com,Stress1234!
stress_user_138@eshop.com,Stress1234!
stress_user_139@eshop.com,Stress1234!
stress_user_140@eshop.com,Stress1234!
stress_user_141@eshop.com,Stress1234!
stress_user_142@eshop.com,Stress1234!
stress_user_143@eshop.com,Stress1234!
stress_user_144@eshop.com,Stress1234!
stress_user_145@eshop.com,Stress1234!
stress_user_146@eshop.com,Stress1234!
stress_user_147@eshop.com,Stress1234!
stress_user_148@eshop.com,Stress1234!
stress_user_149@eshop.com,Stress1234!
stress_user_150@eshop.com,Stress1234!
stress_user_151@eshop.com,Stress1234!
stress_user_152@eshop.com,Stress1234!
stress_user_153@eshop.com,Stress1234!
stress_user_154@eshop.com,Stress1234!
stress_user_155@eshop.com,Stress1234!
stress_user_156@eshop.com,Stress1234!
stress_user_157@eshop.com,Stress1234!
stress_user_158@eshop.com,Stress1234!
stress_user_159@eshop.com,Stress1234!
stress_user_160@eshop.com,Stress1234!
stress_user_161@eshop.com,Stress1234!
stress_user_162@eshop.com,Stress1234!
stress_user_163@eshop.com,Stress1234!
stress_user_164@eshop.com,Stress1234!
stress_user_165@eshop.com,Stress1234!
stress_user_166@eshop.com,Stress1234!
stress_user_167@eshop.com,Stress1234!
stress_user_168@eshop.com,Stress1234!
stress_user_169@eshop.com,Stress1234!
stress_user_170@eshop.com,Stress1234!
stress_user_171@eshop.com,Stress1234!
stress_user_172@eshop.com,Stress1234!
stress_user_173@eshop.com,Stress1234!
stress_user_174@eshop.com,Stress1234!
stress_user_175@eshop.com,Stress1234!
stress_user_176@eshop.com,Stress1234!
stress_user_177@eshop.com,Stress1234!
stress_user_178@eshop.com,Stress1234!
stress_user_179@eshop.com,Stress1234!
stress_user_180@eshop.com,Stress1234!
stress_user_181@eshop.com,Stress1234!
stress_user_182@eshop.com,Stress1234!
stress_user_183@eshop.com,Stress1234!
stress_user_184@eshop.com,Stress1234!
stress_user_185@eshop.com,Stress1234!
stress_user_186@eshop.com,Stress1234!
stress_user_187@eshop.com,Stress1234!
stress_user_188@eshop.com,Stress1234!
stress_user_189@eshop.com,Stress1234!
stress_user_190@eshop.com,Stress1234!
stress_user_191@eshop.com,Stress1234!
stress_user_192@eshop.com,Stress1234!
stress_user_193@eshop.com,Stress1234!
stress_user_194@eshop.com,Stress1234!
stress_user_195@eshop.com,Stress1234!
stress_user_196@eshop.com,Stress1234!
stress_user_197@eshop.com,Stress1234!
stress_user_198@eshop.com,Stress1234!
stress_user_199@eshop.com,Stress1234!
stress_user_200@eshop.com,Stress1234!
stress_user_201@eshop.com,Stress1234!
stress_user_202@eshop.com,Stress1234!
stress_user_203@eshop.com,Stress1234!
stress_user_204@eshop.com,Stress1234!
stress_user_205@eshop.com,Stress1234!
stress_user_206@eshop.com,Stress1234!
stress_user_207@eshop.com,Stress1234!
stress_user_208@eshop.com,Stress1234!
stress_user_209@eshop.com,Stress1234!
stress_user_210@eshop.com,Stress1234!
stress_user_211@eshop.com,Stress1234!
stress_user_212@eshop.com,Stress1234!
stress_user_213@eshop.com,Stress1234!
stress_user_214@eshop.com,Stress1234!
stress_user_215@eshop.com,Stress1234!
stress_user_216@eshop.com,Stress1234!
stress_user_217@eshop.com,Stress1234!
stress_user_218@eshop.com,Stress1234!
stress_user_219@eshop.com,Stress1234!
stress_user_220@eshop.com,Stress1234!
stress_user_221@eshop.com,Stress1234!
stress_user_222@eshop.com,Stress1234!
stress_user_223@eshop.com,Stress1234!
stress_user_224@eshop.com,Stress1234!
stress_user_225@eshop.com,Stress1234!
stress_user_226@eshop.com,Stress1234!
stress_user_227@eshop.com,Stress1234!
stress_user_228@eshop.com,Stress1234!
stress_user_229@eshop.com,Stress1234!
stress_user_230@eshop.com,Stress1234!
stress_user_231@eshop.com,Stress1234!
stress_user_232@eshop.com,Stress1234!
stress_user_233@eshop.com,Stress1234!
stress_user_234@eshop.com,Stress1234!
stress_user_235@eshop.com,Stress1234!
stress_user_236@eshop.com,Stress1234!
stress_user_237@eshop.com,Stress1234!
stress_user_238@eshop.com,Stress1234!
stress_user_239@eshop.com,Stress1234!
stress_user_240@eshop.com,Stress1234!
stress_user_241@eshop.com,Stress1234!
stress_user_242@eshop.com,Stress1234!
stress_user_243@eshop.com,Stress1234!
stress_user_244@eshop.com,Stress1234!
stress_user_245@eshop.com,Stress1234!
stress_user_246@eshop.com,Stress1234!
stress_user_247@eshop.com,Stress1234!
stress_user_248@eshop.com,Stress1234!
stress_user_249@eshop.com,Stress1234!
stress_user_250@eshop.com,Stress1234!
stress_user_251@eshop.com,Stress1234!
stress_user_252@eshop.com,Stress1234!
stress_user_253@eshop.com,Stress1234!
stress_user_254@eshop.com,Stress1234!
stress_user_255@eshop.com,Stress1234!
stress_user_256@eshop.com,Stress1234!
stress_user_257@eshop.com,Stress1234!
stress_user_258@eshop.com,Stress1234!
stress_user_259@eshop.com,Stress1234!
stress_user_260@eshop.com,Stress1234!
stress_user_261@eshop.com,Stress1234!
stress_user_262@eshop.com,Stress1234!
stress_user_263@eshop.com,Stress1234!
stress_user_264@eshop.com,Stress1234!
stress_user_265@eshop.com,Stress1234!
stress_user_266@eshop.com,Stress1234!
stress_user_267@eshop.com,Stress1234!
stress_user_268@eshop.com,Stress1234!
stress_user_269@eshop.com,Stress1234!
stress_user_270@eshop.com,Stress1234!
stress_user_271@eshop.com,Stress1234!
stress_user_272@eshop.com,Stress1234!
stress_user_273@eshop.com,Stress1234!
stress_user_274@eshop.com,Stress1234!
stress_user_275@eshop.com,Stress1234!
stress_user_276@eshop.com,Stress1234!
stress_user_277@eshop.com,Stress1234!
stress_user_278@eshop.com,Stress1234!
stress_user_279@eshop.com,Stress1234!
stress_user_280@eshop.com,Stress1234!
stress_user_281@eshop.com,Stress1234!
stress_user_282@eshop.com,Stress1234!
stress_user_283@eshop.com,Stress1234!
stress_user_284@eshop.com,Stress1234!
stress_user_285@eshop.com,Stress1234!
stress_user_286@eshop.com,Stress1234!
stress_user_287@eshop.com,Stress1234!
stress_user_288@eshop.com,Stress1234!
stress_user_289@eshop.com,Stress1234!
stress_user_290@eshop.com,Stress1234!
stress_user_291@eshop.com,Stress1234!
stress_user_292@eshop.com,Stress1234!
stress_user_293@eshop.com,Stress1234!
stress_user_294@eshop.com,Stress1234!
stress_user_295@eshop.com,Stress1234!
stress_user_296@eshop.com,Stress1234!
stress_user_297@eshop.com,Stress1234!
stress_user_298@eshop.com,Stress1234!
stress_user_299@eshop.com,Stress1234!
stress_user_300@eshop.com,Stress1234!
stress_user_301@eshop.com,Stress1234!
stress_user_302@eshop.com,Stress1234!
stress_user_303@eshop.com,Stress1234!
stress_user_304@eshop.com,Stress1234!
stress_user_305@eshop.com,Stress1234!
stress_user_306@eshop.com,Stress1234!
stress_user_307@eshop.com,Stress1234!
stress_user_308@eshop.com,Stress1234!
stress_user_309@eshop.com,Stress1234!
stress_user_310@eshop.com,Stress1234!
stress_user_311@eshop.com,Stress1234!
stress_user_312@eshop.com,Stress1234!
stress_user_313@eshop.com,Stress1234!
stress_user_314@eshop.com,Stress1234!
stress_user_315@eshop.com,Stress1234!
stress_user_316@eshop.com,Stress1234!
stress_user_317@eshop.com,Stress1234!
stress_user_318@eshop.com,Stress1234!
stress_user_319@eshop.com,Stress1234!
stress_user_320@eshop.com,Stress1234!
stress_user_321@eshop.com,Stress1234!
stress_user_322@eshop.com,Stress1234!
stress_user_323@eshop.com,Stress1234!
stress_user_324@eshop.com,Stress1234!
stress_user_325@eshop.com,Stress1234!
stress_user_326@eshop.com,Stress1234!
stress_user_327@eshop.com,Stress1234!
stress_user_328@eshop.com,Stress1234!
stress_user_329@eshop.com,Stress1234!
stress_user_330@eshop.com,Stress1234!
stress_user_331@eshop.com,Stress1234!
stress_user_332@eshop.com,Stress1234!
stress_user_333@eshop.com,Stress1234!
stress_user_334@eshop.com,Stress1234!
stress_user_335@eshop.com,Stress1234!
stress_user_336@eshop.com,Stress1234!
stress_user_337@eshop.com,Stress1234!
stress_user_338@eshop.com,Stress1234!
stress_user_339@eshop.com,Stress1234!
stress_user_340@eshop.com,Stress1234!
stress_user_341@eshop.com,Stress1234!
stress_user_342@eshop.com,Stress1234!
stress_user_343@eshop.com,Stress1234!
stress_user_344@eshop.com,Stress1234!
stress_user_345@eshop.com,Stress1234!
stress_user_346@eshop.com,Stress1234!
stress_user_347@eshop.com,Stress1234!
stress_user_348@eshop.com,Stress1234!
stress_user_349@eshop.com,Stress1234!
stress_user_350@eshop.com,Stress1234!
stress_user_351@eshop.com,Stress1234!
stress_user_352@eshop.com,Stress1234!
stress_user_353@eshop.com,Stress1234!
stress_user_354@eshop.com,Stress1234!
stress_user_355@eshop.com,Stress1234!
stress_user_356@eshop.com,Stress1234!
stress_user_357@eshop.com,Stress1234!
stress_user_358@eshop.com,Stress1234!
stress_user_359@eshop.com,Stress1234!
stress_user_360@eshop.com,Stress1234!
stress_user_361@eshop.com,Stress1234!
stress_user_362@eshop.com,Stress1234!
stress_user_363@eshop.com,Stress1234!
stress_user_364@eshop.com,Stress1234!
stress_user_365@eshop.com,Stress1234!
stress_user_366@eshop.com,Stress1234!
stress_user_367@eshop.com,Stress1234!
stress_user_368@eshop.com,Stress1234!
stress_user_369@eshop.com,Stress1234!
stress_user_370@eshop.com,Stress1234!
stress_user_371@eshop.com,Stress1234!
stress_user_372@eshop.com,Stress1234!
stress_user_373@eshop.com,Stress1234!
stress_user_374@eshop.com,Stress1234!
stress_user_375@eshop.com,Stress1234!
stress_user_376@eshop.com,Stress1234!
stress_user_377@eshop.com,Stress1234!
stress_user_378@eshop.com,Stress1234!
stress_user_379@eshop.com,Stress1234!
stress_user_380@eshop.com,Stress1234!
stress_user_381@eshop.com,Stress1234!
stress_user_382@eshop.com,Stress1234!
stress_user_383@eshop.com,Stress1234!
stress_user_384@eshop.com,Stress1234!
stress_user_385@eshop.com,Stress1234!
stress_user_386@eshop.com,Stress1234!
stress_user_387@eshop.com,Stress1234!
stress_user_388@eshop.com,Stress1234!
stress_user_389@eshop.com,Stress1234!
stress_user_390@eshop.com,Stress1234!
stress_user_391@eshop.com,Stress1234!
stress_user_392@eshop.com,Stress1234!
stress_user_393@eshop.com,Stress1234!
stress_user_394@eshop.com,Stress1234!
stress_user_395@eshop.com,Stress1234!
stress_user_396@eshop.com,Stress1234!
stress_user_397@eshop.com,Stress1234!
stress_user_398@eshop.com,Stress1234!
stress_user_399@eshop.com,Stress1234!
stress_user_400@eshop.com,Stress1234!
stress_user_401@eshop.com,Stress1234!
stress_user_402@eshop.com,Stress1234!
stress_user_403@eshop.com,Stress1234!
stress_user_404@eshop.com,Stress1234!
stress_user_405@eshop.com,Stress1234!
stress_user_406@eshop.com,Stress1234!
stress_user_407@eshop.com,Stress1234!
stress_user_408@eshop.com,Stress1234!
stress_user_409@eshop.com,Stress1234!
stress_user_410@eshop.com,Stress1234!
stress_user_411@eshop.com,Stress1234!
stress_user_412@eshop.com,Stress1234!
stress_user_413@eshop.com,Stress1234!
stress_user_414@eshop.com,Stress1234!
stress_user_415@eshop.com,Stress1234!
stress_user_416@eshop.com,Stress1234!
stress_user_417@eshop.com,Stress1234!
stress_user_418@eshop.com,Stress1234!
stress_user_419@eshop.com,Stress1234!
stress_user_420@eshop.com,Stress1234!
stress_user_421@eshop.com,Stress1234!
stress_user_422@eshop.com,Stress1234!
stress_user_423@eshop.com,Stress1234!
stress_user_424@eshop.com,Stress1234!
stress_user_425@eshop.com,Stress1234!
stress_user_426@eshop.com,Stress1234!
stress_user_427@eshop.com,Stress1234!
stress_user_428@eshop.com,Stress1234!
stress_user_429@eshop.com,Stress1234!
stress_user_430@eshop.com,Stress1234!
stress_user_431@eshop.com,Stress1234!
stress_user_432@eshop.com,Stress1234!
stress_user_433@eshop.com,Stress1234!
stress_user_434@eshop.com,Stress1234!
stress_user_435@eshop.com,Stress1234!
stress_user_436@eshop.com,Stress1234!
stress_user_437@eshop.com,Stress1234!
stress_user_438@eshop.com,Stress1234!
stress_user_439@eshop.com,Stress1234!
stress_user_440@eshop.com,Stress1234!
stress_user_441@eshop.com,Stress1234!
stress_user_442@eshop.com,Stress1234!
stress_user_443@eshop.com,Stress1234!
stress_user_444@eshop.com,Stress1234!
stress_user_445@eshop.com,Stress1234!
stress_user_446@eshop.com,Stress1234!
stress_user_447@eshop.com,Stress1234!
stress_user_448@eshop.com,Stress1234!
stress_user_449@eshop.com,Stress1234!
stress_user_450@eshop.com,Stress1234!
stress_user_451@eshop.com,Stress1234!
stress_user_452@eshop.com,Stress1234!
stress_user_453@eshop.com,Stress1234!
stress_user_454@eshop.com,Stress1234!
stress_user_455@eshop.com,Stress1234!
stress_user_456@eshop.com,Stress1234!
stress_user_457@eshop.com,Stress1234!
stress_user_458@eshop.com,Stress1234!
stress_user_459@eshop.com,Stress1234!
stress_user_460@eshop.com,Stress1234!
stress_user_461@eshop.com,Stress1234!
stress_user_462@eshop.com,Stress1234!
stress_user_463@eshop.com,Stress1234!
stress_user_464@eshop.com,Stress1234!
stress_user_465@eshop.com,Stress1234!
stress_user_466@eshop.com,Stress1234!
stress_user_467@eshop.com,Stress1234!
stress_user_468@eshop.com,Stress1234!
stress_user_469@eshop.com,Stress1234!
stress_user_470@eshop.com,Stress1234!
stress_user_471@eshop.com,Stress1234!
stress_user_472@eshop.com,Stress1234!
stress_user_473@eshop.com,Stress1234!
stress_user_474@eshop.com,Stress1234!
stress_user_475@eshop.com,Stress1234!
stress_user_476@eshop.com,Stress1234!
stress_user_477@eshop.com,Stress1234!
stress_user_478@eshop.com,Stress1234!
stress_user_479@eshop.com,Stress1234!
stress_user_480@eshop.com,Stress1234!
stress_user_481@eshop.com,Stress1234!
stress_user_482@eshop.com,Stress1234!
stress_user_483@eshop.com,Stress1234!
stress_user_484@eshop.com,Stress1234!
stress_user_485@eshop.com,Stress1234!
stress_user_486@eshop.com,Stress1234!
stress_user_487@eshop.com,Stress1234!
stress_user_488@eshop.com,Stress1234!
stress_user_489@eshop.com,Stress1234!
stress_user_490@eshop.com,Stress1234!
stress_user_491@eshop.com,Stress1234!
stress_user_492@eshop.com,Stress1234!
stress_user_493@eshop.com,Stress1234!
stress_user_494@eshop.com,Stress1234!
stress_user_495@eshop.com,Stress1234!
stress_user_496@eshop.com,Stress1234!
stress_user_497@eshop.com,Stress1234!
stress_user_498@eshop.com,Stress1234!
stress_user_499@eshop.com,Stress1234!
stress_user_500@eshop.com,Stress1234!
