TestCaseID,API,Method,Endpoint,Category,Preconditions,Input,ExpectedResult,Priority,Source,AuditStatus,AuditReasoning,ActualResult,PassFail,BugRef,Notes
TC-PROFILE-ST-001,UpdateProfile,PUT,/api/users/me,StateTransition,"EShop backend at http://localhost:3000. | POST /api/login email=test@eshop.com password=Test1234! | GET /api/users/me → snapshot P0 (name, phone, shipping_address, email, role).","{""sequence"": [""PUT /api/users/me full body"", ""GET /api/users/me""]}","After PUT, GET /api/users/me shows the submitted name, phone, and shipping_address (P1). email and role unchanged from P0 (FR-04 / SEC-06). Success HTTP status/body not specified.",High,AI,VALID,"FR-04 allows a logged-in user to update name, phone, and shipping_address. Multi-step P0 to P1 is a valid state-transition probe. email/role immutability is spec-backed.",,,,Type=Legal | Transition=P0 → P1 | States=P0→P1 | File=tests/test-cases/profile/TC-PROFILE-ST-001.md
TC-PROFILE-ST-002,UpdateProfile,PUT,/api/users/me,StateTransition,EShop at http://localhost:3000. | POST /api/login email=test@eshop.com password=Test1234! | Snapshot P0 via GET /api/users/me.,"{""sequence"": [""PUT name only"", ""PUT phone only"", ""GET""]}",GET shows name=Updated Name Only and phone=0987654321 if both applied. shipping_address after partial PUTs is not specified — record P0 vs cleared vs unchanged. email/role unchanged.,High,AI,VALID,Sequential partial PUTs test replace-vs-partial semantics which the spec leaves open. Oracle already records observe-only for omitted fields.,,,,Type=Legal / Unspecified | Transition=P0 → P1a → P1b | States=P0→P1a→P1b | File=tests/test-cases/profile/TC-PROFILE-ST-002.md
TC-PROFILE-ST-003,UpdateProfile,PUT,/api/users/me,StateTransition,EShop at http://localhost:3000. | POST /api/login email=test@eshop.com password=Test1234! | P0 snapshot taken.,"{""sequence"": [""PUT set A"", ""GET"", ""PUT set B"", ""GET""]}","After the second full PUT (set B), GET /api/users/me shows set B name, phone, and shipping_address (P2). email/role unchanged. Success status/body not specified.",High,AI,VALID,Two full PUTs with documented three-field bodies test profile snapshot overwrite. FR-04 lists all three as updatable; expecting GET to reflect the latest submitted triple is spec-aligned.,,,,Type=Legal | Transition=P1 → P2 | States=P0→P1→P2 | File=tests/test-cases/profile/TC-PROFILE-ST-003.md
TC-PROFILE-ST-004,UpdateProfile,PUT,/api/users/me,StateTransition,EShop at http://localhost:3000. | POST /api/login email=test@eshop.com password=Test1234!,"{""sequence"": [""PUT V"", ""PUT V"", ""GET"", ""GET""]}",Both GET calls after identical PUTs show the same profile values (P1). No drift between reads. Success status/body not specified.,High,AI,VALID,Idempotent repeat of the same valid PUT is a standard state-transition edge. Oracle checks stable reads only.,,,,Type=Legal (idempotency) | Transition=P1 → P1 | States=P0→P1→P1 | File=tests/test-cases/profile/TC-PROFILE-ST-004.md
TC-PROFILE-ST-005,UpdateProfile,PUT,/api/users/me,StateTransition,EShop at http://localhost:3000.,"{""sequence"": [""login"", ""PUT"", ""login"", ""GET""]}","After re-login with a new token, GET /api/users/me should show P1 if the profile is persisted server-side. If values reset, record actual behaviour — persistence medium is not specified.",High,AI,INCOMPLETE,Persistence across re-login is a reasonable probe but the spec does not define storage medium (DB vs session). Generated oracle assumed DB persistence as mandatory.,,,,Type=Legal / Unspecified | Transition=session boundary | States=P0→P1→P1 | File=tests/test-cases/profile/TC-PROFILE-ST-005.md
TC-PROFILE-ST-006,UpdateProfile,PUT,/api/users/me,StateTransition,EShop at http://localhost:3000. | POST /api/login email=test@eshop.com password=Test1234! | P0 email=test@eshop.com.,"{""body"": {""name"": ""Nguyen Van A"", ""shipping_address"": ""123 Le Loi, Q1, TP.HCM"", ""phone"": ""0912345678"", ""email"": ""attacker@evil.com""}}",email remains test@eshop.com. Other fields may update. Request rejected or email ignored — either way email unchanged.,High,AI,VALID,FR-04: email must not be changed. Oracle allows reject-or-ignore and requires email unchanged.,,,,Type=Legal constraint | Transition=immutable email | States=P0→P1 (email locked) | File=tests/test-cases/profile/TC-PROFILE-ST-006.md
TC-PROFILE-ST-007,UpdateProfile,PUT,/api/users/me,StateTransition,EShop at http://localhost:3000. | POST /api/login email=test@eshop.com password=Test1234! | P0 role=user.,"{""body"": {""name"": ""Nguyen Van A"", ""shipping_address"": ""123 Le Loi, Q1, TP.HCM"", ""phone"": ""0912345678"", ""role"": ""admin""}}",role remains user. Documented profile fields may still update. Success status/body not specified.,High,AI,VALID,FR-04 / SEC-06: clients must not change role via profile update. Oracle is spec-aligned.,,,,Type=Legal constraint | Transition=immutable role | States=P0→P1 (role locked) | File=tests/test-cases/profile/TC-PROFILE-ST-007.md
TC-PROFILE-ST-008,UpdateProfile,PUT,/api/users/me,StateTransition,EShop at http://localhost:3000. | POST /api/login email=admin@eshop.com password=Admin123! | GET P0 role=admin.,"{""sequence"": [""PUT admin profile"", ""GET""]}",GET shows updated profile fields and role still admin. Success status/body not specified.,High,AI,VALID,FR-04 applies to any logged-in user; admin is a logged-in user. role must remain admin.,,,,Type=Legal | Transition=admin P0→P1 | States=P0(admin)→P1(admin) | File=tests/test-cases/profile/TC-PROFILE-ST-008.md
TC-PROFILE-ST-009,UpdateProfile,PUT,/api/users/me,StateTransition,EShop at http://localhost:3000. | POST /api/login email=test@eshop.com password=Test1234!,"{""sequence"": [""PUT name"", ""PUT phone"", ""PUT address"", ""GET""]}","GET shows Step Name, 0909090909, and 99 Pasteur if each partial update applies. If omitted fields revert, record partial-vs-replace semantics. email/role unchanged.",High,AI,VALID,Three sequential single-field PUTs probe partial-update chaining; oracle correctly flags unspecified semantics.,,,,Type=Legal / Unspecified | Transition=multi partial chain | States=P0→P(n)→P(np)→P(npa) | File=tests/test-cases/profile/TC-PROFILE-ST-009.md
TC-PROFILE-ST-010,UpdateProfile,PUT,/api/users/me,StateTransition,EShop at http://localhost:3000. | POST /api/login email=test@eshop.com password=Test1234! | Reach P1 with valid full PUT.,"{""sequence"": [""PUT valid"", ""PUT invalid phone"", ""GET""]}",phone=123 is not a valid FR-04 phone. GET must not persist it as the stored phone. Whether other P1 fields remain if the PUT is rejected is not specified — record status and GET snapshot.,High,AI,INCOMPLETE,phone=123 violates FR-04 format rule (real). Whether a rejected invalid PUT leaves P1 unchanged is not specified — generated oracle assumed rollback.,,,,Type=Illegal input / Unspecified | Transition=invalid transition attempt | States=P1→P1 or P1→invalid | File=tests/test-cases/profile/TC-PROFILE-ST-010.md
TC-PROFILE-ST-011,UpdateProfile,PUT,/api/users/me,StateTransition,EShop at http://localhost:3000. | Users test@eshop.com and admin@eshop.com exist. | Snapshot PB0 for admin via admin login GET /api/users/me.,"{""sequence"": [""user PUT"", ""admin GET""]}",User A PUT updates A's profile only. Admin GET /api/users/me unchanged from PB0. email/role unchanged on both accounts.,High,AI,VALID,FR-04: user may update only their own profile. Cross-user isolation is spec-backed.,,,,"Type=Legal (isolation) | Transition=cross-user isolation | States=PA0→PA1, PB0→PB0 | File=tests/test-cases/profile/TC-PROFILE-ST-011.md"
TC-PROFILE-ST-012,UpdateProfile,PUT,/api/users/me,StateTransition,EShop at http://localhost:3000. | POST /api/login email=test@eshop.com password=Test1234! | Snapshot P0.,"{""body"": {}}","GET matches P0 (no unintended wipe). Request may be rejected; if so, profile state unchanged.",High,AI,VALID,Empty JSON body is not documented. Oracle observes state unchanged or rejection without inventing mandatory 400.,,,,Type=Unspecified / no-op | Transition=no-op / reject | States=P0→P0 | File=tests/test-cases/profile/TC-PROFILE-ST-012.md
TC-PROFILE-ST-SUP-001,UpdateProfile,PUT,/api/users/me,StateTransition,EShop at http://localhost:3000. | POST /api/login test@eshop.com. | Snapshot P0 via GET /api/users/me.,"{""sequence"": [""PUT name=Race Name A (other fields FR-04-valid)"", ""PUT name=Race Name B (immediately, no GET between)"", ""GET /api/users/me""]}","Ordering of back-to-back PUTs is not specified. GET must show exactly one consistent profile: either Race Name A or Race Name B for name, not a mixed/corrupt row. email/role unchanged. Record which PUT wins. HTTP status is not specified — record actual without inventing codes.",High,Human,VALID,Concurrency race on PUT; oracle allows either winner without inventing order.,,,,Type=Unspecified (concurrency)| Transition=concurrent PUT race | States=P0→P?(last-write-wins) | File=tests/test-cases/profile/TC-PROFILE-ST-SUP-001.md
TC-PROFILE-ST-SUP-002,UpdateProfile,PUT,/api/users/me,StateTransition,EShop at http://localhost:3000. | Login test@eshop.com. | GET P0 snapshot.,"{""sequence"": [""PUT /api/users/me with valid body and Bearer token"", ""PUT /api/users/me with same body but Authorization header omitted"", ""GET with valid token""]}","Second PUT without JWT must not apply a new profile state (SEC-02; API spec section 2 requires token). GET with valid token shows P1 from first PUT only, or P0 if first failed — not a third value. HTTP status is not specified — record actual without inventing codes.",High,Human,VALID,Mid-flow auth removal; SEC-02 + spec token requirement.,,,,Type=Illegal| Transition=illegal unauthenticated update | States=P0→P0 | File=tests/test-cases/profile/TC-PROFILE-ST-SUP-002.md
TC-PROFILE-ST-SUP-003,UpdateProfile,PUT,/api/users/me,StateTransition,EShop at http://localhost:3000. | POST /api/login test@eshop.com. | GET P0 snapshot.,"{""sequence"": [""PUT name=Race Name X (phone/address FR-04-valid from example)"", ""PUT phone=0888888888 (name/address from example) — fire immediately parallel to step 1"", ""GET /api/users/me""]}",Parallel updates to different fields are not specified. GET must show one coherent profile row. email/role unchanged. Record field-level vs request-level winner. HTTP status is not specified — record actual without inventing codes.,High,Human,VALID,Cross-field parallel PUT race; torn read documented as unspecified.,,,,Type=Unspecified (concurrency)| Transition=concurrent multi-field PUT race | States=P0→P?(mixed?) | File=tests/test-cases/profile/TC-PROFILE-ST-SUP-003.md
TC-PROFILE-ST-SUP-004,UpdateProfile,PUT,/api/users/me,StateTransition,EShop at http://localhost:3000. | Login test@eshop.com. | PUT valid body → GET confirms P1.,"{""sequence"": [""PUT /api/users/me valid body with valid token → P1"", ""PUT /api/users/me different valid body with Authorization: Bearer not-a-jwt"", ""GET /api/users/me with original valid token""]}","Second PUT with malformed JWT must not change profile state (SEC-02). GET with valid token still shows P1 from first PUT, not the second body. HTTP status is not specified — record actual without inventing codes.",High,Human,VALID,Malformed JWT after P1; SEC-02 mid-flow guard.,,,,Type=Illegal| Transition=illegal mid-flow auth | States=P1→P1 | File=tests/test-cases/profile/TC-PROFILE-ST-SUP-004.md
TC-PROFILE-ST-SUP-005,UpdateProfile,PUT,/api/users/me,StateTransition,EShop at http://localhost:3000. | Login test@eshop.com. | GET P0.,"{""sequence"": [""PUT {\""shipping_address\"":\""77 Nguyen Hue, Q1\""} only"", ""PUT {\""name\"":\""Address First Name\""} only"", ""GET /api/users/me""]}","If partial PUTs apply, GET shows Address First Name and 77 Nguyen Hue. phone may stay P0 or clear — not specified. email/role unchanged. Record partial-vs-replace semantics.",Medium,Human,VALID,Address-first partial chain; partial semantics observe-only.,,,,Type=Legal / Unspecified| Transition=address-first partial chain | States=P0→Pa→Pan | File=tests/test-cases/profile/TC-PROFILE-ST-SUP-005.md
