evidence_id,platform_id,evidence_path,checklist_ids,statuses,execution_modes,captured_at
T3-ANDROID-CHROME-EMULATION-001,android-chrome-emulation,evidence/android-chrome-emulation/001-web-login-baseline.png,GUI-WEB-LOGIN-001;GUI-WEB-LOGIN-002;GUI-WEB-LOGIN-003;GUI-WEB-LOGIN-009,GUI-WEB-LOGIN-001=Fail;GUI-WEB-LOGIN-002=Fail;GUI-WEB-LOGIN-003=Fail;GUI-WEB-LOGIN-009=Fail,LIVE_LOCAL_SUT,2026-08-02T13:01:10.599Z
T3-ANDROID-CHROME-EMULATION-002,android-chrome-emulation,evidence/android-chrome-emulation/002-web-login-required-validation.png,GUI-WEB-LOGIN-004;GUI-WEB-LOGIN-005,GUI-WEB-LOGIN-004=Pass;GUI-WEB-LOGIN-005=Pass,LIVE_LOCAL_SUT,2026-08-02T13:01:12.329Z
T3-ANDROID-CHROME-EMULATION-003,android-chrome-emulation,evidence/android-chrome-emulation/003-web-login-invalid-feedback.png,GUI-WEB-LOGIN-006,GUI-WEB-LOGIN-006=Pass,LIVE_LOCAL_SUT,2026-08-02T13:01:14.127Z
T3-ANDROID-CHROME-EMULATION-004,android-chrome-emulation,evidence/android-chrome-emulation/004-web-login-forgot-navigation.png,GUI-WEB-LOGIN-007,GUI-WEB-LOGIN-007=Fail,LIVE_LOCAL_SUT,2026-08-02T13:01:15.891Z
T3-ANDROID-CHROME-EMULATION-005,android-chrome-emulation,evidence/android-chrome-emulation/005-web-login-register-navigation.png,GUI-WEB-LOGIN-008,GUI-WEB-LOGIN-008=Pass,LIVE_LOCAL_SUT,2026-08-02T13:01:18.445Z
T3-ANDROID-CHROME-EMULATION-006,android-chrome-emulation,evidence/android-chrome-emulation/006-web-login-lockout-feedback.png,GUI-WEB-LOGIN-010,GUI-WEB-LOGIN-010=Fail,LIVE_LOCAL_SUT,2026-08-02T13:01:20.229Z
T3-ANDROID-CHROME-EMULATION-007,android-chrome-emulation,evidence/android-chrome-emulation/007-web-login-keyboard-focus.png,GUI-WEB-LOGIN-011,GUI-WEB-LOGIN-011=Fail,LIVE_LOCAL_SUT,2026-08-02T13:08:03.311Z
T3-ANDROID-CHROME-EMULATION-008,android-chrome-emulation,evidence/android-chrome-emulation/008-web-login-responsive-320.png,GUI-WEB-LOGIN-012,GUI-WEB-LOGIN-012=Pass,LIVE_LOCAL_SUT,2026-08-02T13:01:23.610Z
T3-ANDROID-CHROME-EMULATION-009,android-chrome-emulation,evidence/android-chrome-emulation/009-web-login-trim.png,GUI-WEB-LOGIN-013,GUI-WEB-LOGIN-013=Fail,LIVE_LOCAL_SUT,2026-08-02T13:01:26.112Z
T3-ANDROID-CHROME-EMULATION-010,android-chrome-emulation,evidence/android-chrome-emulation/010-web-register-baseline.png,GUI-WEB-REGISTER-001;GUI-WEB-REGISTER-002;GUI-WEB-REGISTER-003;GUI-WEB-REGISTER-008,GUI-WEB-REGISTER-001=Pass;GUI-WEB-REGISTER-002=Pass;GUI-WEB-REGISTER-003=Pass;GUI-WEB-REGISTER-008=Pass,LIVE_LOCAL_SUT,2026-08-02T13:01:27.292Z
T3-ANDROID-CHROME-EMULATION-011,android-chrome-emulation,evidence/android-chrome-emulation/011-web-register-special-character.png,GUI-WEB-REGISTER-004,GUI-WEB-REGISTER-004=Pass,LIVE_LOCAL_SUT,2026-08-02T13:01:29.330Z
T3-ANDROID-CHROME-EMULATION-012,android-chrome-emulation,evidence/android-chrome-emulation/012-web-register-weak-feedback.png,GUI-WEB-REGISTER-005,GUI-WEB-REGISTER-005=Pass,LIVE_LOCAL_SUT,2026-08-02T13:01:31.208Z
T3-ANDROID-CHROME-EMULATION-013,android-chrome-emulation,evidence/android-chrome-emulation/013-web-register-duplicate.png,GUI-WEB-REGISTER-006,GUI-WEB-REGISTER-006=Fail,LIVE_LOCAL_SUT,2026-08-02T13:01:33.274Z
T3-ANDROID-CHROME-EMULATION-014,android-chrome-emulation,evidence/android-chrome-emulation/014-web-register-login-navigation.png,GUI-WEB-REGISTER-007,GUI-WEB-REGISTER-007=Pass,LIVE_LOCAL_SUT,2026-08-02T13:01:35.712Z
T3-ANDROID-CHROME-EMULATION-015,android-chrome-emulation,evidence/android-chrome-emulation/015-web-register-required.png,GUI-WEB-REGISTER-009;GUI-WEB-REGISTER-010,GUI-WEB-REGISTER-009=Pass;GUI-WEB-REGISTER-010=Pass,LIVE_LOCAL_SUT,2026-08-02T13:01:37.358Z
T3-ANDROID-CHROME-EMULATION-016,android-chrome-emulation,evidence/android-chrome-emulation/016-web-register-xss.png,GUI-WEB-REGISTER-011,GUI-WEB-REGISTER-011=Pass,LIVE_LOCAL_SUT,2026-08-02T13:01:38.986Z
T3-ANDROID-CHROME-EMULATION-017,android-chrome-emulation,evidence/android-chrome-emulation/017-web-register-network-error.png,GUI-WEB-REGISTER-012,GUI-WEB-REGISTER-012=Pass,MOCKED_NETWORK_FAILURE,2026-08-02T13:01:40.307Z
T3-ANDROID-CHROME-EMULATION-018,android-chrome-emulation,evidence/android-chrome-emulation/018-admin-login-baseline.png,GUI-ADMIN-LOGIN-001;GUI-ADMIN-LOGIN-002;GUI-ADMIN-LOGIN-008;GUI-ADMIN-LOGIN-009,GUI-ADMIN-LOGIN-001=Pass;GUI-ADMIN-LOGIN-002=Fail;GUI-ADMIN-LOGIN-008=Pass;GUI-ADMIN-LOGIN-009=Pass,LIVE_LOCAL_SUT,2026-08-02T13:01:42.454Z
T3-ANDROID-CHROME-EMULATION-019,android-chrome-emulation,evidence/android-chrome-emulation/019-admin-login-invalid-dialog.png,GUI-ADMIN-LOGIN-003,GUI-ADMIN-LOGIN-003=Fail,LIVE_LOCAL_SUT,2026-08-02T13:01:44.223Z
T3-ANDROID-CHROME-EMULATION-020,android-chrome-emulation,evidence/android-chrome-emulation/020-admin-login-nonadmin-dialog.png,GUI-ADMIN-LOGIN-004,GUI-ADMIN-LOGIN-004=Fail,LIVE_LOCAL_SUT,2026-08-02T13:01:45.957Z
T3-ANDROID-CHROME-EMULATION-021,android-chrome-emulation,evidence/android-chrome-emulation/021-admin-login-success.png,GUI-ADMIN-LOGIN-005,GUI-ADMIN-LOGIN-005=Pass,LIVE_LOCAL_SUT,2026-08-02T13:01:49.125Z
T3-ANDROID-CHROME-EMULATION-022,android-chrome-emulation,evidence/android-chrome-emulation/022-admin-refresh-persistence.png,GUI-ADMIN-LOGIN-006,GUI-ADMIN-LOGIN-006=Pass,LIVE_LOCAL_SUT,2026-08-02T13:01:51.488Z
T3-ANDROID-CHROME-EMULATION-023,android-chrome-emulation,evidence/android-chrome-emulation/023-admin-logout.png,GUI-ADMIN-LOGIN-007,GUI-ADMIN-LOGIN-007=Pass,LIVE_LOCAL_SUT,2026-08-02T13:01:52.797Z
T3-ANDROID-CHROME-EMULATION-024,android-chrome-emulation,evidence/android-chrome-emulation/024-admin-category-baseline.png,GUI-ADMIN-CATEGORY-001;GUI-ADMIN-CATEGORY-002;GUI-ADMIN-CATEGORY-005,GUI-ADMIN-CATEGORY-001=Pass;GUI-ADMIN-CATEGORY-002=Pass;GUI-ADMIN-CATEGORY-005=Fail,LIVE_LOCAL_SUT,2026-08-02T13:01:56.397Z
T3-ANDROID-CHROME-EMULATION-025,android-chrome-emulation,evidence/android-chrome-emulation/025-admin-category-add.png,GUI-ADMIN-CATEGORY-003,GUI-ADMIN-CATEGORY-003=Pass,LIVE_LOCAL_SUT,2026-08-02T13:01:57.942Z
T3-ANDROID-CHROME-EMULATION-026,android-chrome-emulation,evidence/android-chrome-emulation/026-admin-category-empty.png,GUI-ADMIN-CATEGORY-004,GUI-ADMIN-CATEGORY-004=Fail,MOCKED_WRITE_PREVENTION,2026-08-02T13:01:58.817Z
T3-ANDROID-CHROME-EMULATION-027,android-chrome-emulation,evidence/android-chrome-emulation/027-admin-category-delete.png,GUI-ADMIN-CATEGORY-006;GUI-ADMIN-CATEGORY-007,GUI-ADMIN-CATEGORY-006=Fail;GUI-ADMIN-CATEGORY-007=Pass,LIVE_LOCAL_SUT,2026-08-02T13:02:00.304Z
T3-ANDROID-CHROME-EMULATION-028,android-chrome-emulation,evidence/android-chrome-emulation/028-admin-category-delete-in-use.png,GUI-ADMIN-CATEGORY-008,GUI-ADMIN-CATEGORY-008=Fail,LIVE_LOCAL_SUT,2026-08-02T13:02:02.179Z
T3-ANDROID-CHROME-EMULATION-029,android-chrome-emulation,evidence/android-chrome-emulation/029-admin-category-empty-state.png,GUI-ADMIN-CATEGORY-009,GUI-ADMIN-CATEGORY-009=Fail,MOCKED_EMPTY_API_STATE,2026-08-02T13:02:03.526Z
T3-ANDROID-CHROME-EMULATION-030,android-chrome-emulation,evidence/android-chrome-emulation/030-admin-category-loading.png,GUI-ADMIN-CATEGORY-010,GUI-ADMIN-CATEGORY-010=Fail,MOCKED_SLOW_API,2026-08-02T13:02:04.699Z
T3-ANDROID-CHROME-EMULATION-031,android-chrome-emulation,evidence/android-chrome-emulation/031-admin-category-duplicate.png,GUI-ADMIN-CATEGORY-011,GUI-ADMIN-CATEGORY-011=Fail,LIVE_LOCAL_SUT,2026-08-02T13:02:06.153Z
T3-ANDROID-CHROME-EMULATION-032,android-chrome-emulation,evidence/android-chrome-emulation/032-admin-category-long-name.png,GUI-ADMIN-CATEGORY-012,GUI-ADMIN-CATEGORY-012=Pass,LIVE_LOCAL_SUT,2026-08-02T13:02:07.563Z
T3-ANDROID-CHROME-EMULATION-033,android-chrome-emulation,evidence/android-chrome-emulation/033-admin-category-double-submit.png,GUI-ADMIN-CATEGORY-013,GUI-ADMIN-CATEGORY-013=Fail,MOCKED_SLOW_WRITE,2026-08-02T13:02:09.357Z
T3-ANDROID-CHROME-EMULATION-034,android-chrome-emulation,evidence/android-chrome-emulation/034-mobile-login-baseline.png,GUI-MOBILE-LOGIN-001;GUI-MOBILE-LOGIN-002;GUI-MOBILE-LOGIN-003;GUI-MOBILE-LOGIN-004;GUI-MOBILE-LOGIN-010,GUI-MOBILE-LOGIN-001=Pass;GUI-MOBILE-LOGIN-002=Fail;GUI-MOBILE-LOGIN-003=Pass;GUI-MOBILE-LOGIN-004=Fail;GUI-MOBILE-LOGIN-010=Fail,LIVE_LOCAL_SUT,2026-08-02T13:05:18.906Z
T3-ANDROID-CHROME-EMULATION-035,android-chrome-emulation,evidence/android-chrome-emulation/035-mobile-login-invalid-feedback.png,GUI-MOBILE-LOGIN-005,GUI-MOBILE-LOGIN-005=Pass,LIVE_LOCAL_SUT,2026-08-02T13:05:20.062Z
T3-ANDROID-CHROME-EMULATION-036,android-chrome-emulation,evidence/android-chrome-emulation/036-mobile-login-back.png,GUI-MOBILE-LOGIN-006,GUI-MOBILE-LOGIN-006=Pass,LIVE_LOCAL_SUT,2026-08-02T13:05:20.700Z
T3-ANDROID-CHROME-EMULATION-037,android-chrome-emulation,evidence/android-chrome-emulation/037-mobile-register-navigation.png,GUI-MOBILE-LOGIN-007,GUI-MOBILE-LOGIN-007=Pass,LIVE_LOCAL_SUT,2026-08-02T13:05:24.174Z
T3-ANDROID-CHROME-EMULATION-038,android-chrome-emulation,evidence/android-chrome-emulation/038-mobile-forgot-navigation.png,GUI-MOBILE-LOGIN-008,GUI-MOBILE-LOGIN-008=Pass,LIVE_LOCAL_SUT,2026-08-02T13:05:27.596Z
T3-ANDROID-CHROME-EMULATION-039,android-chrome-emulation,evidence/android-chrome-emulation/039-mobile-login-success.png,GUI-MOBILE-LOGIN-009,GUI-MOBILE-LOGIN-009=Pass,LIVE_LOCAL_SUT,2026-08-02T13:05:31.812Z
T3-ANDROID-CHROME-EMULATION-040,android-chrome-emulation,evidence/android-chrome-emulation/040-mobile-soft-keyboard-not-observable.png,GUI-MOBILE-LOGIN-011,GUI-MOBILE-LOGIN-011=Not Observable,EXPO_WEB_DESKTOP_BROWSER,2026-08-02T13:05:35.279Z
T3-CHROME-WINDOWS-001,chrome-windows,evidence/chrome-windows/001-web-login-baseline.png,GUI-WEB-LOGIN-001;GUI-WEB-LOGIN-002;GUI-WEB-LOGIN-003;GUI-WEB-LOGIN-009,GUI-WEB-LOGIN-001=Fail;GUI-WEB-LOGIN-002=Fail;GUI-WEB-LOGIN-003=Fail;GUI-WEB-LOGIN-009=Fail,LIVE_LOCAL_SUT,2026-08-02T12:53:32.819Z
T3-CHROME-WINDOWS-002,chrome-windows,evidence/chrome-windows/002-web-login-required-validation.png,GUI-WEB-LOGIN-004;GUI-WEB-LOGIN-005,GUI-WEB-LOGIN-004=Pass;GUI-WEB-LOGIN-005=Pass,LIVE_LOCAL_SUT,2026-08-02T12:53:33.852Z
T3-CHROME-WINDOWS-003,chrome-windows,evidence/chrome-windows/003-web-login-invalid-feedback.png,GUI-WEB-LOGIN-006,GUI-WEB-LOGIN-006=Pass,LIVE_LOCAL_SUT,2026-08-02T12:53:34.794Z
T3-CHROME-WINDOWS-004,chrome-windows,evidence/chrome-windows/004-web-login-forgot-navigation.png,GUI-WEB-LOGIN-007,GUI-WEB-LOGIN-007=Fail,LIVE_LOCAL_SUT,2026-08-02T12:53:35.749Z
T3-CHROME-WINDOWS-005,chrome-windows,evidence/chrome-windows/005-web-login-register-navigation.png,GUI-WEB-LOGIN-008,GUI-WEB-LOGIN-008=Pass,LIVE_LOCAL_SUT,2026-08-02T12:53:36.628Z
T3-CHROME-WINDOWS-006,chrome-windows,evidence/chrome-windows/006-web-login-lockout-feedback.png,GUI-WEB-LOGIN-010,GUI-WEB-LOGIN-010=Fail,LIVE_LOCAL_SUT,2026-08-02T12:53:37.744Z
T3-CHROME-WINDOWS-007,chrome-windows,evidence/chrome-windows/007-web-login-keyboard-focus.png,GUI-WEB-LOGIN-011,GUI-WEB-LOGIN-011=Fail,LIVE_LOCAL_SUT,2026-08-02T13:07:40.005Z
T3-CHROME-WINDOWS-008,chrome-windows,evidence/chrome-windows/008-web-login-responsive-320.png,GUI-WEB-LOGIN-012,GUI-WEB-LOGIN-012=Pass,LIVE_LOCAL_SUT,2026-08-02T12:53:39.294Z
T3-CHROME-WINDOWS-009,chrome-windows,evidence/chrome-windows/009-web-login-trim.png,GUI-WEB-LOGIN-013,GUI-WEB-LOGIN-013=Fail,LIVE_LOCAL_SUT,2026-08-02T12:53:40.933Z
T3-CHROME-WINDOWS-010,chrome-windows,evidence/chrome-windows/010-web-register-baseline.png,GUI-WEB-REGISTER-001;GUI-WEB-REGISTER-002;GUI-WEB-REGISTER-003;GUI-WEB-REGISTER-008,GUI-WEB-REGISTER-001=Pass;GUI-WEB-REGISTER-002=Pass;GUI-WEB-REGISTER-003=Pass;GUI-WEB-REGISTER-008=Pass,LIVE_LOCAL_SUT,2026-08-02T12:53:41.860Z
T3-CHROME-WINDOWS-011,chrome-windows,evidence/chrome-windows/011-web-register-special-character.png,GUI-WEB-REGISTER-004,GUI-WEB-REGISTER-004=Pass,LIVE_LOCAL_SUT,2026-08-02T12:53:42.876Z
T3-CHROME-WINDOWS-012,chrome-windows,evidence/chrome-windows/012-web-register-weak-feedback.png,GUI-WEB-REGISTER-005,GUI-WEB-REGISTER-005=Pass,LIVE_LOCAL_SUT,2026-08-02T12:53:43.850Z
T3-CHROME-WINDOWS-013,chrome-windows,evidence/chrome-windows/013-web-register-duplicate.png,GUI-WEB-REGISTER-006,GUI-WEB-REGISTER-006=Fail,LIVE_LOCAL_SUT,2026-08-02T12:53:44.845Z
T3-CHROME-WINDOWS-014,chrome-windows,evidence/chrome-windows/014-web-register-login-navigation.png,GUI-WEB-REGISTER-007,GUI-WEB-REGISTER-007=Pass,LIVE_LOCAL_SUT,2026-08-02T12:53:45.726Z
T3-CHROME-WINDOWS-015,chrome-windows,evidence/chrome-windows/015-web-register-required.png,GUI-WEB-REGISTER-009;GUI-WEB-REGISTER-010,GUI-WEB-REGISTER-009=Pass;GUI-WEB-REGISTER-010=Pass,LIVE_LOCAL_SUT,2026-08-02T12:53:46.816Z
T3-CHROME-WINDOWS-016,chrome-windows,evidence/chrome-windows/016-web-register-xss.png,GUI-WEB-REGISTER-011,GUI-WEB-REGISTER-011=Pass,LIVE_LOCAL_SUT,2026-08-02T12:53:48.070Z
T3-CHROME-WINDOWS-017,chrome-windows,evidence/chrome-windows/017-web-register-network-error.png,GUI-WEB-REGISTER-012,GUI-WEB-REGISTER-012=Pass,MOCKED_NETWORK_FAILURE,2026-08-02T12:53:49.028Z
T3-CHROME-WINDOWS-018,chrome-windows,evidence/chrome-windows/018-admin-login-baseline.png,GUI-ADMIN-LOGIN-001;GUI-ADMIN-LOGIN-002;GUI-ADMIN-LOGIN-008;GUI-ADMIN-LOGIN-009,GUI-ADMIN-LOGIN-001=Pass;GUI-ADMIN-LOGIN-002=Fail;GUI-ADMIN-LOGIN-008=Pass;GUI-ADMIN-LOGIN-009=Pass,LIVE_LOCAL_SUT,2026-08-02T12:53:50.928Z
T3-CHROME-WINDOWS-019,chrome-windows,evidence/chrome-windows/019-admin-login-invalid-dialog.png,GUI-ADMIN-LOGIN-003,GUI-ADMIN-LOGIN-003=Fail,LIVE_LOCAL_SUT,2026-08-02T12:53:52.428Z
T3-CHROME-WINDOWS-020,chrome-windows,evidence/chrome-windows/020-admin-login-nonadmin-dialog.png,GUI-ADMIN-LOGIN-004,GUI-ADMIN-LOGIN-004=Fail,LIVE_LOCAL_SUT,2026-08-02T12:53:53.957Z
T3-CHROME-WINDOWS-021,chrome-windows,evidence/chrome-windows/021-admin-login-success.png,GUI-ADMIN-LOGIN-005,GUI-ADMIN-LOGIN-005=Pass,LIVE_LOCAL_SUT,2026-08-02T12:53:54.887Z
T3-CHROME-WINDOWS-022,chrome-windows,evidence/chrome-windows/022-admin-refresh-persistence.png,GUI-ADMIN-LOGIN-006,GUI-ADMIN-LOGIN-006=Pass,LIVE_LOCAL_SUT,2026-08-02T12:53:55.691Z
T3-CHROME-WINDOWS-023,chrome-windows,evidence/chrome-windows/023-admin-logout.png,GUI-ADMIN-LOGIN-007,GUI-ADMIN-LOGIN-007=Pass,LIVE_LOCAL_SUT,2026-08-02T12:53:55.852Z
T3-CHROME-WINDOWS-024,chrome-windows,evidence/chrome-windows/024-admin-category-baseline.png,GUI-ADMIN-CATEGORY-001;GUI-ADMIN-CATEGORY-002;GUI-ADMIN-CATEGORY-005,GUI-ADMIN-CATEGORY-001=Pass;GUI-ADMIN-CATEGORY-002=Pass;GUI-ADMIN-CATEGORY-005=Fail,LIVE_LOCAL_SUT,2026-08-02T12:53:56.875Z
T3-CHROME-WINDOWS-025,chrome-windows,evidence/chrome-windows/025-admin-category-add.png,GUI-ADMIN-CATEGORY-003,GUI-ADMIN-CATEGORY-003=Pass,LIVE_LOCAL_SUT,2026-08-02T12:53:57.127Z
T3-CHROME-WINDOWS-026,chrome-windows,evidence/chrome-windows/026-admin-category-empty.png,GUI-ADMIN-CATEGORY-004,GUI-ADMIN-CATEGORY-004=Fail,MOCKED_WRITE_PREVENTION,2026-08-02T12:53:57.617Z
T3-CHROME-WINDOWS-027,chrome-windows,evidence/chrome-windows/027-admin-category-delete.png,GUI-ADMIN-CATEGORY-006;GUI-ADMIN-CATEGORY-007,GUI-ADMIN-CATEGORY-006=Fail;GUI-ADMIN-CATEGORY-007=Pass,LIVE_LOCAL_SUT,2026-08-02T12:53:58.701Z
T3-CHROME-WINDOWS-028,chrome-windows,evidence/chrome-windows/028-admin-category-delete-in-use.png,GUI-ADMIN-CATEGORY-008,GUI-ADMIN-CATEGORY-008=Fail,LIVE_LOCAL_SUT,2026-08-02T12:54:00.231Z
T3-CHROME-WINDOWS-029,chrome-windows,evidence/chrome-windows/029-admin-category-empty-state.png,GUI-ADMIN-CATEGORY-009,GUI-ADMIN-CATEGORY-009=Fail,MOCKED_EMPTY_API_STATE,2026-08-02T12:54:01.718Z
T3-CHROME-WINDOWS-030,chrome-windows,evidence/chrome-windows/030-admin-category-loading.png,GUI-ADMIN-CATEGORY-010,GUI-ADMIN-CATEGORY-010=Fail,MOCKED_SLOW_API,2026-08-02T12:54:02.812Z
T3-CHROME-WINDOWS-031,chrome-windows,evidence/chrome-windows/031-admin-category-duplicate.png,GUI-ADMIN-CATEGORY-011,GUI-ADMIN-CATEGORY-011=Fail,LIVE_LOCAL_SUT,2026-08-02T12:54:03.915Z
T3-CHROME-WINDOWS-032,chrome-windows,evidence/chrome-windows/032-admin-category-long-name.png,GUI-ADMIN-CATEGORY-012,GUI-ADMIN-CATEGORY-012=Pass,LIVE_LOCAL_SUT,2026-08-02T12:54:04.893Z
T3-CHROME-WINDOWS-033,chrome-windows,evidence/chrome-windows/033-admin-category-double-submit.png,GUI-ADMIN-CATEGORY-013,GUI-ADMIN-CATEGORY-013=Fail,MOCKED_SLOW_WRITE,2026-08-02T12:54:06.300Z
T3-CHROME-WINDOWS-034,chrome-windows,evidence/chrome-windows/034-mobile-login-baseline.png,GUI-MOBILE-LOGIN-001;GUI-MOBILE-LOGIN-002;GUI-MOBILE-LOGIN-003;GUI-MOBILE-LOGIN-004;GUI-MOBILE-LOGIN-010,GUI-MOBILE-LOGIN-001=Pass;GUI-MOBILE-LOGIN-002=Fail;GUI-MOBILE-LOGIN-003=Pass;GUI-MOBILE-LOGIN-004=Fail;GUI-MOBILE-LOGIN-010=Fail,LIVE_LOCAL_SUT,2026-08-02T13:04:01.857Z
T3-CHROME-WINDOWS-035,chrome-windows,evidence/chrome-windows/035-mobile-login-invalid-feedback.png,GUI-MOBILE-LOGIN-005,GUI-MOBILE-LOGIN-005=Pass,LIVE_LOCAL_SUT,2026-08-02T13:04:03.664Z
T3-CHROME-WINDOWS-036,chrome-windows,evidence/chrome-windows/036-mobile-login-back.png,GUI-MOBILE-LOGIN-006,GUI-MOBILE-LOGIN-006=Pass,LIVE_LOCAL_SUT,2026-08-02T13:04:04.680Z
T3-CHROME-WINDOWS-037,chrome-windows,evidence/chrome-windows/037-mobile-register-navigation.png,GUI-MOBILE-LOGIN-007,GUI-MOBILE-LOGIN-007=Pass,LIVE_LOCAL_SUT,2026-08-02T13:04:09.146Z
T3-CHROME-WINDOWS-038,chrome-windows,evidence/chrome-windows/038-mobile-forgot-navigation.png,GUI-MOBILE-LOGIN-008,GUI-MOBILE-LOGIN-008=Pass,LIVE_LOCAL_SUT,2026-08-02T13:04:12.583Z
T3-CHROME-WINDOWS-039,chrome-windows,evidence/chrome-windows/039-mobile-login-success.png,GUI-MOBILE-LOGIN-009,GUI-MOBILE-LOGIN-009=Pass,LIVE_LOCAL_SUT,2026-08-02T13:04:16.750Z
T3-CHROME-WINDOWS-040,chrome-windows,evidence/chrome-windows/040-mobile-soft-keyboard-not-observable.png,GUI-MOBILE-LOGIN-011,GUI-MOBILE-LOGIN-011=Not Observable,EXPO_WEB_DESKTOP_BROWSER,2026-08-02T13:04:20.148Z
T3-FIREFOX-WINDOWS-001,firefox-windows,evidence/firefox-windows/001-web-login-baseline.png,GUI-WEB-LOGIN-001;GUI-WEB-LOGIN-002;GUI-WEB-LOGIN-003;GUI-WEB-LOGIN-009,GUI-WEB-LOGIN-001=Fail;GUI-WEB-LOGIN-002=Fail;GUI-WEB-LOGIN-003=Fail;GUI-WEB-LOGIN-009=Fail,LIVE_LOCAL_SUT,2026-08-02T12:56:21.674Z
T3-FIREFOX-WINDOWS-002,firefox-windows,evidence/firefox-windows/002-web-login-required-validation.png,GUI-WEB-LOGIN-004;GUI-WEB-LOGIN-005,GUI-WEB-LOGIN-004=Pass;GUI-WEB-LOGIN-005=Pass,LIVE_LOCAL_SUT,2026-08-02T12:56:28.179Z
T3-FIREFOX-WINDOWS-003,firefox-windows,evidence/firefox-windows/003-web-login-invalid-feedback.png,GUI-WEB-LOGIN-006,GUI-WEB-LOGIN-006=Pass,LIVE_LOCAL_SUT,2026-08-02T12:56:38.422Z
T3-FIREFOX-WINDOWS-004,firefox-windows,evidence/firefox-windows/004-web-login-forgot-navigation.png,GUI-WEB-LOGIN-007,GUI-WEB-LOGIN-007=Fail,LIVE_LOCAL_SUT,2026-08-02T12:56:44.430Z
T3-FIREFOX-WINDOWS-005,firefox-windows,evidence/firefox-windows/005-web-login-register-navigation.png,GUI-WEB-LOGIN-008,GUI-WEB-LOGIN-008=Pass,LIVE_LOCAL_SUT,2026-08-02T12:56:46.985Z
T3-FIREFOX-WINDOWS-006,firefox-windows,evidence/firefox-windows/006-web-login-lockout-feedback.png,GUI-WEB-LOGIN-010,GUI-WEB-LOGIN-010=Fail,LIVE_LOCAL_SUT,2026-08-02T12:56:52.366Z
T3-FIREFOX-WINDOWS-007,firefox-windows,evidence/firefox-windows/007-web-login-keyboard-focus.png,GUI-WEB-LOGIN-011,GUI-WEB-LOGIN-011=Fail,LIVE_LOCAL_SUT,2026-08-02T13:09:04.557Z
T3-FIREFOX-WINDOWS-008,firefox-windows,evidence/firefox-windows/008-web-login-responsive-320.png,GUI-WEB-LOGIN-012,GUI-WEB-LOGIN-012=Pass,LIVE_LOCAL_SUT,2026-08-02T12:57:01.575Z
T3-FIREFOX-WINDOWS-009,firefox-windows,evidence/firefox-windows/009-web-login-trim.png,GUI-WEB-LOGIN-013,GUI-WEB-LOGIN-013=Fail,LIVE_LOCAL_SUT,2026-08-02T12:57:05.592Z
T3-FIREFOX-WINDOWS-010,firefox-windows,evidence/firefox-windows/010-web-register-baseline.png,GUI-WEB-REGISTER-001;GUI-WEB-REGISTER-002;GUI-WEB-REGISTER-003;GUI-WEB-REGISTER-008,GUI-WEB-REGISTER-001=Pass;GUI-WEB-REGISTER-002=Pass;GUI-WEB-REGISTER-003=Pass;GUI-WEB-REGISTER-008=Pass,LIVE_LOCAL_SUT,2026-08-02T12:57:07.766Z
T3-FIREFOX-WINDOWS-011,firefox-windows,evidence/firefox-windows/011-web-register-special-character.png,GUI-WEB-REGISTER-004,GUI-WEB-REGISTER-004=Pass,LIVE_LOCAL_SUT,2026-08-02T12:57:12.974Z
T3-FIREFOX-WINDOWS-012,firefox-windows,evidence/firefox-windows/012-web-register-weak-feedback.png,GUI-WEB-REGISTER-005,GUI-WEB-REGISTER-005=Pass,LIVE_LOCAL_SUT,2026-08-02T12:57:16.692Z
T3-FIREFOX-WINDOWS-013,firefox-windows,evidence/firefox-windows/013-web-register-duplicate.png,GUI-WEB-REGISTER-006,GUI-WEB-REGISTER-006=Fail,LIVE_LOCAL_SUT,2026-08-02T12:57:20.292Z
T3-FIREFOX-WINDOWS-014,firefox-windows,evidence/firefox-windows/014-web-register-login-navigation.png,GUI-WEB-REGISTER-007,GUI-WEB-REGISTER-007=Pass,LIVE_LOCAL_SUT,2026-08-02T12:57:22.519Z
T3-FIREFOX-WINDOWS-015,firefox-windows,evidence/firefox-windows/015-web-register-required.png,GUI-WEB-REGISTER-009;GUI-WEB-REGISTER-010,GUI-WEB-REGISTER-009=Pass;GUI-WEB-REGISTER-010=Pass,LIVE_LOCAL_SUT,2026-08-02T12:57:23.826Z
T3-FIREFOX-WINDOWS-016,firefox-windows,evidence/firefox-windows/016-web-register-xss.png,GUI-WEB-REGISTER-011,GUI-WEB-REGISTER-011=Pass,LIVE_LOCAL_SUT,2026-08-02T12:57:25.278Z
T3-FIREFOX-WINDOWS-017,firefox-windows,evidence/firefox-windows/017-web-register-network-error.png,GUI-WEB-REGISTER-012,GUI-WEB-REGISTER-012=Pass,MOCKED_NETWORK_FAILURE,2026-08-02T12:57:26.487Z
T3-FIREFOX-WINDOWS-018,firefox-windows,evidence/firefox-windows/018-admin-login-baseline.png,GUI-ADMIN-LOGIN-001;GUI-ADMIN-LOGIN-002;GUI-ADMIN-LOGIN-008;GUI-ADMIN-LOGIN-009,GUI-ADMIN-LOGIN-001=Pass;GUI-ADMIN-LOGIN-002=Fail;GUI-ADMIN-LOGIN-008=Pass;GUI-ADMIN-LOGIN-009=Pass,LIVE_LOCAL_SUT,2026-08-02T12:57:28.192Z
T3-FIREFOX-WINDOWS-019,firefox-windows,evidence/firefox-windows/019-admin-login-invalid-dialog.png,GUI-ADMIN-LOGIN-003,GUI-ADMIN-LOGIN-003=Fail,LIVE_LOCAL_SUT,2026-08-02T12:57:30.077Z
T3-FIREFOX-WINDOWS-020,firefox-windows,evidence/firefox-windows/020-admin-login-nonadmin-dialog.png,GUI-ADMIN-LOGIN-004,GUI-ADMIN-LOGIN-004=Fail,LIVE_LOCAL_SUT,2026-08-02T12:57:32.111Z
T3-FIREFOX-WINDOWS-021,firefox-windows,evidence/firefox-windows/021-admin-login-success.png,GUI-ADMIN-LOGIN-005,GUI-ADMIN-LOGIN-005=Pass,LIVE_LOCAL_SUT,2026-08-02T12:57:33.170Z
T3-FIREFOX-WINDOWS-022,firefox-windows,evidence/firefox-windows/022-admin-refresh-persistence.png,GUI-ADMIN-LOGIN-006,GUI-ADMIN-LOGIN-006=Pass,LIVE_LOCAL_SUT,2026-08-02T12:57:34.436Z
T3-FIREFOX-WINDOWS-023,firefox-windows,evidence/firefox-windows/023-admin-logout.png,GUI-ADMIN-LOGIN-007,GUI-ADMIN-LOGIN-007=Pass,LIVE_LOCAL_SUT,2026-08-02T12:57:34.692Z
T3-FIREFOX-WINDOWS-024,firefox-windows,evidence/firefox-windows/024-admin-category-baseline.png,GUI-ADMIN-CATEGORY-001;GUI-ADMIN-CATEGORY-002;GUI-ADMIN-CATEGORY-005,GUI-ADMIN-CATEGORY-001=Pass;GUI-ADMIN-CATEGORY-002=Pass;GUI-ADMIN-CATEGORY-005=Fail,LIVE_LOCAL_SUT,2026-08-02T12:57:39.069Z
T3-FIREFOX-WINDOWS-025,firefox-windows,evidence/firefox-windows/025-admin-category-add.png,GUI-ADMIN-CATEGORY-003,GUI-ADMIN-CATEGORY-003=Pass,LIVE_LOCAL_SUT,2026-08-02T12:57:40.243Z
T3-FIREFOX-WINDOWS-026,firefox-windows,evidence/firefox-windows/026-admin-category-empty.png,GUI-ADMIN-CATEGORY-004,GUI-ADMIN-CATEGORY-004=Fail,MOCKED_WRITE_PREVENTION,2026-08-02T12:57:41.819Z
T3-FIREFOX-WINDOWS-027,firefox-windows,evidence/firefox-windows/027-admin-category-delete.png,GUI-ADMIN-CATEGORY-006;GUI-ADMIN-CATEGORY-007,GUI-ADMIN-CATEGORY-006=Fail;GUI-ADMIN-CATEGORY-007=Pass,LIVE_LOCAL_SUT,2026-08-02T12:57:46.410Z
T3-FIREFOX-WINDOWS-028,firefox-windows,evidence/firefox-windows/028-admin-category-delete-in-use.png,GUI-ADMIN-CATEGORY-008,GUI-ADMIN-CATEGORY-008=Fail,LIVE_LOCAL_SUT,2026-08-02T12:57:50.439Z
T3-FIREFOX-WINDOWS-029,firefox-windows,evidence/firefox-windows/029-admin-category-empty-state.png,GUI-ADMIN-CATEGORY-009,GUI-ADMIN-CATEGORY-009=Fail,MOCKED_EMPTY_API_STATE,2026-08-02T12:57:57.715Z
T3-FIREFOX-WINDOWS-030,firefox-windows,evidence/firefox-windows/030-admin-category-loading.png,GUI-ADMIN-CATEGORY-010,GUI-ADMIN-CATEGORY-010=Fail,MOCKED_SLOW_API,2026-08-02T12:58:05.739Z
T3-FIREFOX-WINDOWS-031,firefox-windows,evidence/firefox-windows/031-admin-category-duplicate.png,GUI-ADMIN-CATEGORY-011,GUI-ADMIN-CATEGORY-011=Fail,LIVE_LOCAL_SUT,2026-08-02T12:58:09.543Z
T3-FIREFOX-WINDOWS-032,firefox-windows,evidence/firefox-windows/032-admin-category-long-name.png,GUI-ADMIN-CATEGORY-012,GUI-ADMIN-CATEGORY-012=Pass,LIVE_LOCAL_SUT,2026-08-02T12:58:13.867Z
T3-FIREFOX-WINDOWS-033,firefox-windows,evidence/firefox-windows/033-admin-category-double-submit.png,GUI-ADMIN-CATEGORY-013,GUI-ADMIN-CATEGORY-013=Fail,MOCKED_SLOW_WRITE,2026-08-02T12:58:16.011Z
T3-FIREFOX-WINDOWS-034,firefox-windows,evidence/firefox-windows/034-mobile-login-baseline.png,GUI-MOBILE-LOGIN-001;GUI-MOBILE-LOGIN-002;GUI-MOBILE-LOGIN-003;GUI-MOBILE-LOGIN-004;GUI-MOBILE-LOGIN-010,GUI-MOBILE-LOGIN-001=Pass;GUI-MOBILE-LOGIN-002=Fail;GUI-MOBILE-LOGIN-003=Pass;GUI-MOBILE-LOGIN-004=Fail;GUI-MOBILE-LOGIN-010=Fail,LIVE_LOCAL_SUT,2026-08-02T13:04:32.486Z
T3-FIREFOX-WINDOWS-035,firefox-windows,evidence/firefox-windows/035-mobile-login-invalid-feedback.png,GUI-MOBILE-LOGIN-005,GUI-MOBILE-LOGIN-005=Pass,LIVE_LOCAL_SUT,2026-08-02T13:04:36.265Z
T3-FIREFOX-WINDOWS-036,firefox-windows,evidence/firefox-windows/036-mobile-login-back.png,GUI-MOBILE-LOGIN-006,GUI-MOBILE-LOGIN-006=Pass,LIVE_LOCAL_SUT,2026-08-02T13:04:36.849Z
T3-FIREFOX-WINDOWS-037,firefox-windows,evidence/firefox-windows/037-mobile-register-navigation.png,GUI-MOBILE-LOGIN-007,GUI-MOBILE-LOGIN-007=Pass,LIVE_LOCAL_SUT,2026-08-02T13:04:40.470Z
T3-FIREFOX-WINDOWS-038,firefox-windows,evidence/firefox-windows/038-mobile-forgot-navigation.png,GUI-MOBILE-LOGIN-008,GUI-MOBILE-LOGIN-008=Pass,LIVE_LOCAL_SUT,2026-08-02T13:04:44.010Z
T3-FIREFOX-WINDOWS-039,firefox-windows,evidence/firefox-windows/039-mobile-login-success.png,GUI-MOBILE-LOGIN-009,GUI-MOBILE-LOGIN-009=Pass,LIVE_LOCAL_SUT,2026-08-02T13:04:48.283Z
T3-FIREFOX-WINDOWS-040,firefox-windows,evidence/firefox-windows/040-mobile-soft-keyboard-not-observable.png,GUI-MOBILE-LOGIN-011,GUI-MOBILE-LOGIN-011=Not Observable,EXPO_WEB_DESKTOP_BROWSER,2026-08-02T13:04:51.818Z
T3-WEBKIT-WINDOWS-001,webkit-windows,evidence/webkit-windows/001-web-login-baseline.png,GUI-WEB-LOGIN-001;GUI-WEB-LOGIN-002;GUI-WEB-LOGIN-003;GUI-WEB-LOGIN-009,GUI-WEB-LOGIN-001=Fail;GUI-WEB-LOGIN-002=Fail;GUI-WEB-LOGIN-003=Fail;GUI-WEB-LOGIN-009=Fail,LIVE_LOCAL_SUT,2026-08-02T12:59:10.044Z
T3-WEBKIT-WINDOWS-002,webkit-windows,evidence/webkit-windows/002-web-login-required-validation.png,GUI-WEB-LOGIN-004;GUI-WEB-LOGIN-005,GUI-WEB-LOGIN-004=Pass;GUI-WEB-LOGIN-005=Pass,LIVE_LOCAL_SUT,2026-08-02T12:59:16.307Z
T3-WEBKIT-WINDOWS-003,webkit-windows,evidence/webkit-windows/003-web-login-invalid-feedback.png,GUI-WEB-LOGIN-006,GUI-WEB-LOGIN-006=Pass,LIVE_LOCAL_SUT,2026-08-02T12:59:20.103Z
T3-WEBKIT-WINDOWS-004,webkit-windows,evidence/webkit-windows/004-web-login-forgot-navigation.png,GUI-WEB-LOGIN-007,GUI-WEB-LOGIN-007=Fail,LIVE_LOCAL_SUT,2026-08-02T12:59:24.703Z
T3-WEBKIT-WINDOWS-005,webkit-windows,evidence/webkit-windows/005-web-login-register-navigation.png,GUI-WEB-LOGIN-008,GUI-WEB-LOGIN-008=Pass,LIVE_LOCAL_SUT,2026-08-02T12:59:28.204Z
T3-WEBKIT-WINDOWS-006,webkit-windows,evidence/webkit-windows/006-web-login-lockout-feedback.png,GUI-WEB-LOGIN-010,GUI-WEB-LOGIN-010=Fail,LIVE_LOCAL_SUT,2026-08-02T12:59:34.504Z
T3-WEBKIT-WINDOWS-007,webkit-windows,evidence/webkit-windows/007-web-login-keyboard-focus.png,GUI-WEB-LOGIN-011,GUI-WEB-LOGIN-011=Fail,LIVE_LOCAL_SUT,2026-08-02T13:07:58.179Z
T3-WEBKIT-WINDOWS-008,webkit-windows,evidence/webkit-windows/008-web-login-responsive-320.png,GUI-WEB-LOGIN-012,GUI-WEB-LOGIN-012=Pass,LIVE_LOCAL_SUT,2026-08-02T12:59:38.870Z
T3-WEBKIT-WINDOWS-009,webkit-windows,evidence/webkit-windows/009-web-login-trim.png,GUI-WEB-LOGIN-013,GUI-WEB-LOGIN-013=Fail,LIVE_LOCAL_SUT,2026-08-02T12:59:43.302Z
T3-WEBKIT-WINDOWS-010,webkit-windows,evidence/webkit-windows/010-web-register-baseline.png,GUI-WEB-REGISTER-001;GUI-WEB-REGISTER-002;GUI-WEB-REGISTER-003;GUI-WEB-REGISTER-008,GUI-WEB-REGISTER-001=Pass;GUI-WEB-REGISTER-002=Pass;GUI-WEB-REGISTER-003=Pass;GUI-WEB-REGISTER-008=Pass,LIVE_LOCAL_SUT,2026-08-02T12:59:45.728Z
T3-WEBKIT-WINDOWS-011,webkit-windows,evidence/webkit-windows/011-web-register-special-character.png,GUI-WEB-REGISTER-004,GUI-WEB-REGISTER-004=Pass,LIVE_LOCAL_SUT,2026-08-02T12:59:49.077Z
T3-WEBKIT-WINDOWS-012,webkit-windows,evidence/webkit-windows/012-web-register-weak-feedback.png,GUI-WEB-REGISTER-005,GUI-WEB-REGISTER-005=Pass,LIVE_LOCAL_SUT,2026-08-02T12:59:53.115Z
T3-WEBKIT-WINDOWS-013,webkit-windows,evidence/webkit-windows/013-web-register-duplicate.png,GUI-WEB-REGISTER-006,GUI-WEB-REGISTER-006=Fail,LIVE_LOCAL_SUT,2026-08-02T12:59:57.179Z
T3-WEBKIT-WINDOWS-014,webkit-windows,evidence/webkit-windows/014-web-register-login-navigation.png,GUI-WEB-REGISTER-007,GUI-WEB-REGISTER-007=Pass,LIVE_LOCAL_SUT,2026-08-02T13:00:05.245Z
T3-WEBKIT-WINDOWS-015,webkit-windows,evidence/webkit-windows/015-web-register-required.png,GUI-WEB-REGISTER-009;GUI-WEB-REGISTER-010,GUI-WEB-REGISTER-009=Pass;GUI-WEB-REGISTER-010=Pass,LIVE_LOCAL_SUT,2026-08-02T13:00:09.103Z
T3-WEBKIT-WINDOWS-016,webkit-windows,evidence/webkit-windows/016-web-register-xss.png,GUI-WEB-REGISTER-011,GUI-WEB-REGISTER-011=Pass,LIVE_LOCAL_SUT,2026-08-02T13:00:10.936Z
T3-WEBKIT-WINDOWS-017,webkit-windows,evidence/webkit-windows/017-web-register-network-error.png,GUI-WEB-REGISTER-012,GUI-WEB-REGISTER-012=Pass,MOCKED_NETWORK_FAILURE,2026-08-02T13:00:12.222Z
T3-WEBKIT-WINDOWS-018,webkit-windows,evidence/webkit-windows/018-admin-login-baseline.png,GUI-ADMIN-LOGIN-001;GUI-ADMIN-LOGIN-002;GUI-ADMIN-LOGIN-008;GUI-ADMIN-LOGIN-009,GUI-ADMIN-LOGIN-001=Pass;GUI-ADMIN-LOGIN-002=Fail;GUI-ADMIN-LOGIN-008=Pass;GUI-ADMIN-LOGIN-009=Pass,LIVE_LOCAL_SUT,2026-08-02T13:00:14.709Z
T3-WEBKIT-WINDOWS-019,webkit-windows,evidence/webkit-windows/019-admin-login-invalid-dialog.png,GUI-ADMIN-LOGIN-003,GUI-ADMIN-LOGIN-003=Fail,LIVE_LOCAL_SUT,2026-08-02T13:00:17.627Z
T3-WEBKIT-WINDOWS-020,webkit-windows,evidence/webkit-windows/020-admin-login-nonadmin-dialog.png,GUI-ADMIN-LOGIN-004,GUI-ADMIN-LOGIN-004=Fail,LIVE_LOCAL_SUT,2026-08-02T13:00:20.154Z
T3-WEBKIT-WINDOWS-021,webkit-windows,evidence/webkit-windows/021-admin-login-success.png,GUI-ADMIN-LOGIN-005,GUI-ADMIN-LOGIN-005=Pass,LIVE_LOCAL_SUT,2026-08-02T13:00:21.625Z
T3-WEBKIT-WINDOWS-022,webkit-windows,evidence/webkit-windows/022-admin-refresh-persistence.png,GUI-ADMIN-LOGIN-006,GUI-ADMIN-LOGIN-006=Pass,LIVE_LOCAL_SUT,2026-08-02T13:00:22.688Z
T3-WEBKIT-WINDOWS-023,webkit-windows,evidence/webkit-windows/023-admin-logout.png,GUI-ADMIN-LOGIN-007,GUI-ADMIN-LOGIN-007=Pass,LIVE_LOCAL_SUT,2026-08-02T13:00:23.066Z
T3-WEBKIT-WINDOWS-024,webkit-windows,evidence/webkit-windows/024-admin-category-baseline.png,GUI-ADMIN-CATEGORY-001;GUI-ADMIN-CATEGORY-002;GUI-ADMIN-CATEGORY-005,GUI-ADMIN-CATEGORY-001=Pass;GUI-ADMIN-CATEGORY-002=Pass;GUI-ADMIN-CATEGORY-005=Fail,LIVE_LOCAL_SUT,2026-08-02T13:00:24.662Z
T3-WEBKIT-WINDOWS-025,webkit-windows,evidence/webkit-windows/025-admin-category-add.png,GUI-ADMIN-CATEGORY-003,GUI-ADMIN-CATEGORY-003=Pass,LIVE_LOCAL_SUT,2026-08-02T13:00:25.351Z
T3-WEBKIT-WINDOWS-026,webkit-windows,evidence/webkit-windows/026-admin-category-empty.png,GUI-ADMIN-CATEGORY-004,GUI-ADMIN-CATEGORY-004=Fail,MOCKED_WRITE_PREVENTION,2026-08-02T13:00:26.313Z
T3-WEBKIT-WINDOWS-027,webkit-windows,evidence/webkit-windows/027-admin-category-delete.png,GUI-ADMIN-CATEGORY-006;GUI-ADMIN-CATEGORY-007,GUI-ADMIN-CATEGORY-006=Fail;GUI-ADMIN-CATEGORY-007=Pass,LIVE_LOCAL_SUT,2026-08-02T13:00:28.045Z
T3-WEBKIT-WINDOWS-028,webkit-windows,evidence/webkit-windows/028-admin-category-delete-in-use.png,GUI-ADMIN-CATEGORY-008,GUI-ADMIN-CATEGORY-008=Fail,LIVE_LOCAL_SUT,2026-08-02T13:00:30.238Z
T3-WEBKIT-WINDOWS-029,webkit-windows,evidence/webkit-windows/029-admin-category-empty-state.png,GUI-ADMIN-CATEGORY-009,GUI-ADMIN-CATEGORY-009=Fail,MOCKED_EMPTY_API_STATE,2026-08-02T13:00:32.369Z
T3-WEBKIT-WINDOWS-030,webkit-windows,evidence/webkit-windows/030-admin-category-loading.png,GUI-ADMIN-CATEGORY-010,GUI-ADMIN-CATEGORY-010=Fail,MOCKED_SLOW_API,2026-08-02T13:00:34.407Z
T3-WEBKIT-WINDOWS-031,webkit-windows,evidence/webkit-windows/031-admin-category-duplicate.png,GUI-ADMIN-CATEGORY-011,GUI-ADMIN-CATEGORY-011=Fail,LIVE_LOCAL_SUT,2026-08-02T13:00:36.115Z
T3-WEBKIT-WINDOWS-032,webkit-windows,evidence/webkit-windows/032-admin-category-long-name.png,GUI-ADMIN-CATEGORY-012,GUI-ADMIN-CATEGORY-012=Pass,LIVE_LOCAL_SUT,2026-08-02T13:00:38.549Z
T3-WEBKIT-WINDOWS-033,webkit-windows,evidence/webkit-windows/033-admin-category-double-submit.png,GUI-ADMIN-CATEGORY-013,GUI-ADMIN-CATEGORY-013=Fail,MOCKED_SLOW_WRITE,2026-08-02T13:00:40.971Z
T3-WEBKIT-WINDOWS-034,webkit-windows,evidence/webkit-windows/034-mobile-login-baseline.png,GUI-MOBILE-LOGIN-001;GUI-MOBILE-LOGIN-002;GUI-MOBILE-LOGIN-003;GUI-MOBILE-LOGIN-004;GUI-MOBILE-LOGIN-010,GUI-MOBILE-LOGIN-001=Pass;GUI-MOBILE-LOGIN-002=Fail;GUI-MOBILE-LOGIN-003=Pass;GUI-MOBILE-LOGIN-004=Fail;GUI-MOBILE-LOGIN-010=Fail,LIVE_LOCAL_SUT,2026-08-02T13:04:57.322Z
T3-WEBKIT-WINDOWS-035,webkit-windows,evidence/webkit-windows/035-mobile-login-invalid-feedback.png,GUI-MOBILE-LOGIN-005,GUI-MOBILE-LOGIN-005=Pass,LIVE_LOCAL_SUT,2026-08-02T13:04:58.802Z
T3-WEBKIT-WINDOWS-036,webkit-windows,evidence/webkit-windows/036-mobile-login-back.png,GUI-MOBILE-LOGIN-006,GUI-MOBILE-LOGIN-006=Pass,LIVE_LOCAL_SUT,2026-08-02T13:04:59.511Z
T3-WEBKIT-WINDOWS-037,webkit-windows,evidence/webkit-windows/037-mobile-register-navigation.png,GUI-MOBILE-LOGIN-007,GUI-MOBILE-LOGIN-007=Pass,LIVE_LOCAL_SUT,2026-08-02T13:05:03.275Z
T3-WEBKIT-WINDOWS-038,webkit-windows,evidence/webkit-windows/038-mobile-forgot-navigation.png,GUI-MOBILE-LOGIN-008,GUI-MOBILE-LOGIN-008=Pass,LIVE_LOCAL_SUT,2026-08-02T13:05:06.994Z
T3-WEBKIT-WINDOWS-039,webkit-windows,evidence/webkit-windows/039-mobile-login-success.png,GUI-MOBILE-LOGIN-009,GUI-MOBILE-LOGIN-009=Pass,LIVE_LOCAL_SUT,2026-08-02T13:05:11.602Z
T3-WEBKIT-WINDOWS-040,webkit-windows,evidence/webkit-windows/040-mobile-soft-keyboard-not-observable.png,GUI-MOBILE-LOGIN-011,GUI-MOBILE-LOGIN-011=Not Observable,EXPO_WEB_DESKTOP_BROWSER,2026-08-02T13:05:15.230Z
