evidence_path,checklist_ids,platform
evidence/executed-chrome/001-web-login-baseline.png,GUI-WEB-LOGIN-001;GUI-WEB-LOGIN-002;GUI-WEB-LOGIN-003;GUI-WEB-LOGIN-009,Google Chrome 150.0.7871.187 / Windows 10.0.26200
evidence/executed-chrome/002-web-login-required-validation.png,GUI-WEB-LOGIN-004;GUI-WEB-LOGIN-005,Google Chrome 150.0.7871.187 / Windows 10.0.26200
evidence/executed-chrome/003-web-login-invalid-feedback.png,GUI-WEB-LOGIN-006,Google Chrome 150.0.7871.187 / Windows 10.0.26200
evidence/executed-chrome/004-web-login-forgot-navigation.png,GUI-WEB-LOGIN-007,Google Chrome 150.0.7871.187 / Windows 10.0.26200
evidence/executed-chrome/005-web-login-register-navigation.png,GUI-WEB-LOGIN-008,Google Chrome 150.0.7871.187 / Windows 10.0.26200
evidence/executed-chrome/006-web-login-lockout-feedback.png,GUI-WEB-LOGIN-010,Google Chrome 150.0.7871.187 / Windows 10.0.26200
evidence/executed-chrome/007-web-login-keyboard-focus.png,GUI-WEB-LOGIN-011,Google Chrome 150.0.7871.187 / Windows 10.0.26200
evidence/executed-chrome/008-web-login-responsive-320.png,GUI-WEB-LOGIN-012,Google Chrome 150.0.7871.187 / Windows 10.0.26200
evidence/executed-chrome/009-web-login-trim.png,GUI-WEB-LOGIN-013,Google Chrome 150.0.7871.187 / Windows 10.0.26200
evidence/executed-chrome/010-web-register-baseline.png,GUI-WEB-REGISTER-001;GUI-WEB-REGISTER-002;GUI-WEB-REGISTER-003;GUI-WEB-REGISTER-008,Google Chrome 150.0.7871.187 / Windows 10.0.26200
evidence/executed-chrome/011-web-register-special-character.png,GUI-WEB-REGISTER-004,Google Chrome 150.0.7871.187 / Windows 10.0.26200
evidence/executed-chrome/012-web-register-weak-feedback.png,GUI-WEB-REGISTER-005,Google Chrome 150.0.7871.187 / Windows 10.0.26200
evidence/executed-chrome/013-web-register-duplicate.png,GUI-WEB-REGISTER-006,Google Chrome 150.0.7871.187 / Windows 10.0.26200
evidence/executed-chrome/014-web-register-login-navigation.png,GUI-WEB-REGISTER-007,Google Chrome 150.0.7871.187 / Windows 10.0.26200
evidence/executed-chrome/015-web-register-required.png,GUI-WEB-REGISTER-009;GUI-WEB-REGISTER-010,Google Chrome 150.0.7871.187 / Windows 10.0.26200
evidence/executed-chrome/016-web-register-xss.png,GUI-WEB-REGISTER-011,Google Chrome 150.0.7871.187 / Windows 10.0.26200
evidence/executed-chrome/017-web-register-network-error.png,GUI-WEB-REGISTER-012,Google Chrome 150.0.7871.187 / Windows 10.0.26200
evidence/executed-chrome/018-admin-login-baseline.png,GUI-ADMIN-LOGIN-001;GUI-ADMIN-LOGIN-002;GUI-ADMIN-LOGIN-008;GUI-ADMIN-LOGIN-009,Google Chrome 150.0.7871.187 / Windows 10.0.26200
evidence/executed-chrome/019-admin-login-invalid-dialog.png,GUI-ADMIN-LOGIN-003,Google Chrome 150.0.7871.187 / Windows 10.0.26200
evidence/executed-chrome/020-admin-login-nonadmin-dialog.png,GUI-ADMIN-LOGIN-004,Google Chrome 150.0.7871.187 / Windows 10.0.26200
evidence/executed-chrome/021-admin-login-success.png,GUI-ADMIN-LOGIN-005,Google Chrome 150.0.7871.187 / Windows 10.0.26200
evidence/executed-chrome/022-admin-refresh-persistence.png,GUI-ADMIN-LOGIN-006,Google Chrome 150.0.7871.187 / Windows 10.0.26200
evidence/executed-chrome/023-admin-logout.png,GUI-ADMIN-LOGIN-007,Google Chrome 150.0.7871.187 / Windows 10.0.26200
evidence/executed-chrome/024-admin-category-baseline.png,GUI-ADMIN-CATEGORY-001;GUI-ADMIN-CATEGORY-002;GUI-ADMIN-CATEGORY-005,Google Chrome 150.0.7871.187 / Windows 10.0.26200
evidence/executed-chrome/025-admin-category-add.png,GUI-ADMIN-CATEGORY-003,Google Chrome 150.0.7871.187 / Windows 10.0.26200
evidence/executed-chrome/026-admin-category-empty.png,GUI-ADMIN-CATEGORY-004,Google Chrome 150.0.7871.187 / Windows 10.0.26200
evidence/executed-chrome/027-admin-category-delete.png,GUI-ADMIN-CATEGORY-006;GUI-ADMIN-CATEGORY-007,Google Chrome 150.0.7871.187 / Windows 10.0.26200
evidence/executed-chrome/028-admin-category-delete-in-use.png,GUI-ADMIN-CATEGORY-008,Google Chrome 150.0.7871.187 / Windows 10.0.26200
evidence/executed-chrome/029-admin-category-empty-state.png,GUI-ADMIN-CATEGORY-009,Google Chrome 150.0.7871.187 / Windows 10.0.26200
evidence/executed-chrome/030-admin-category-loading.png,GUI-ADMIN-CATEGORY-010,Google Chrome 150.0.7871.187 / Windows 10.0.26200
evidence/executed-chrome/031-admin-category-duplicate.png,GUI-ADMIN-CATEGORY-011,Google Chrome 150.0.7871.187 / Windows 10.0.26200
evidence/executed-chrome/032-admin-category-long-name.png,GUI-ADMIN-CATEGORY-012,Google Chrome 150.0.7871.187 / Windows 10.0.26200
evidence/executed-chrome/033-admin-category-double-submit.png,GUI-ADMIN-CATEGORY-013,Google Chrome 150.0.7871.187 / Windows 10.0.26200
evidence/executed-chrome/034-mobile-login-baseline.png,GUI-MOBILE-LOGIN-001;GUI-MOBILE-LOGIN-002;GUI-MOBILE-LOGIN-003;GUI-MOBILE-LOGIN-004;GUI-MOBILE-LOGIN-010,Google Chrome 150.0.7871.187 / Windows 10.0.26200
evidence/executed-chrome/035-mobile-login-invalid-feedback.png,GUI-MOBILE-LOGIN-005,Google Chrome 150.0.7871.187 / Windows 10.0.26200
evidence/executed-chrome/036-mobile-login-back.png,GUI-MOBILE-LOGIN-006,Google Chrome 150.0.7871.187 / Windows 10.0.26200
evidence/executed-chrome/037-mobile-register-navigation.png,GUI-MOBILE-LOGIN-007,Google Chrome 150.0.7871.187 / Windows 10.0.26200
evidence/executed-chrome/038-mobile-forgot-navigation.png,GUI-MOBILE-LOGIN-008,Google Chrome 150.0.7871.187 / Windows 10.0.26200
evidence/executed-chrome/039-mobile-login-success.png,GUI-MOBILE-LOGIN-009,Google Chrome 150.0.7871.187 / Windows 10.0.26200
evidence/executed-chrome/040-mobile-soft-keyboard-not-observable.png,GUI-MOBILE-LOGIN-011,Google Chrome 150.0.7871.187 / Windows 10.0.26200
